{"chosen_A_o": 481.957840637207, "logps_eval_prob_train/chosen": -54.339700280308726, "argmax_prob_logits": -29.997420196056368, "except_argmax_prob_logits": NaN, "p_e": 0.4398234785422683, "energy": 0.3818794099390507, "chosen_initial_A_o": 463.33447625732424, "logps_eval_prob_train/chosen_initial": -170.02479929590226, "chosen_gptsemantic_A_o": 474.2754196166992, "logps_eval_prob_train/chosen_gptsemantic": -140.2232244052887, "chosen_gptformat_A_o": 470.1228637084961, "logps_eval_prob_train/chosen_gptformat": -129.05604975128173, "rejected_A_o": 473.10467877197266, "logps_eval_prob_train/rejected": -106.29636201143265, "reject_gptsemantic_A_o": 471.5415977783203, "logps_eval_prob_train/reject_gptsemantic": -136.58291918945312, "reject_gptformat_A_o": 469.6576854248047, "logps_eval_prob_train/reject_gptformat": -122.33865113639831, "irr_train_A_o": 464.7634837646484, "logps_eval_prob_train/irr_train": -144.91862825965882, "irr_test_A_o": 463.42924224853516, "logps_eval_prob_train/irr_test": -156.9370682439804, "irr_hum_A_o": 464.6309156494141, "logps_eval_prob_train/irr_hum": -161.34954454040528, "random_permute_A_o": 421.53452618408204, "logps_eval_prob_train/random_permute": -393.1713002758026, "random_nonhum_A_o": 413.0590132446289, "logps_eval_prob_train/random_nonhum": -360.2226908721924}
{"chosen_A_o": 506.7944434204102, "logps_eval_prob_train/chosen": -76.58850559544564, "argmax_prob_logits": -19.331619739352725, "except_argmax_prob_logits": NaN, "p_e": 0.47803878750652073, "energy": 0.3826678066663444, "chosen_initial_A_o": 492.53971630859377, "logps_eval_prob_train/chosen_initial": -255.53358503723143, "chosen_gptsemantic_A_o": 498.4145919189453, "logps_eval_prob_train/chosen_gptsemantic": -194.29898678588867, "chosen_gptformat_A_o": 496.46520678710937, "logps_eval_prob_train/chosen_gptformat": -181.20321388244628, "rejected_A_o": 503.46695544433595, "logps_eval_prob_train/rejected": -179.13234045219423, "reject_gptsemantic_A_o": 498.94331719970705, "logps_eval_prob_train/reject_gptsemantic": -197.20918453979493, "reject_gptformat_A_o": 497.8102755126953, "logps_eval_prob_train/reject_gptformat": -178.65956391906738, "irr_train_A_o": 491.77049139404295, "logps_eval_prob_train/irr_train": -208.20308849716187, "irr_test_A_o": 491.54608477783205, "logps_eval_prob_train/irr_test": -229.1505177001953, "irr_hum_A_o": 485.2300927124023, "logps_eval_prob_train/irr_hum": -211.28531349182128, "random_permute_A_o": 436.0617084350586, "logps_eval_prob_train/random_permute": -443.4900818786621, "random_nonhum_A_o": 425.00654455566405, "logps_eval_prob_train/random_nonhum": -398.44052336120603}
{"chosen_A_o": 508.8999464111328, "logps_eval_prob_train/chosen": -73.75770342326165, "argmax_prob_logits": -18.609326105996967, "except_argmax_prob_logits": NaN, "p_e": 0.45716507361084224, "energy": 0.3643749673217535, "chosen_initial_A_o": 496.4946315307617, "logps_eval_prob_train/chosen_initial": -267.0276367607117, "chosen_gptsemantic_A_o": 502.07596075439454, "logps_eval_prob_train/chosen_gptsemantic": -201.51074737548828, "chosen_gptformat_A_o": 500.06700463867185, "logps_eval_prob_train/chosen_gptformat": -188.81612551116945, "rejected_A_o": 507.49044201660155, "logps_eval_prob_train/rejected": -189.4446258983612, "reject_gptsemantic_A_o": 503.0657849121094, "logps_eval_prob_train/reject_gptsemantic": -208.14505275344848, "reject_gptformat_A_o": 501.9604267578125, "logps_eval_prob_train/reject_gptformat": -188.20874210357667, "irr_train_A_o": 494.95090466308596, "logps_eval_prob_train/irr_train": -216.23975650024414, "irr_test_A_o": 495.3942983398438, "logps_eval_prob_train/irr_test": -240.16709135818482, "irr_hum_A_o": 487.90804357910156, "logps_eval_prob_train/irr_hum": -221.31197437286377, "random_permute_A_o": 440.1937694091797, "logps_eval_prob_train/random_permute": -458.83345127677916, "random_nonhum_A_o": 428.4636940307617, "logps_eval_prob_train/random_nonhum": -411.11184780883787}
