{"chosen_A_o": 481.9352628314306, "logps_eval_prob_train/chosen": -54.37987102698239, "argmax_prob_logits": -30.04183165800004, "except_argmax_prob_logits": NaN, "p_e": 0.43967899806531413, "energy": 0.3817842462587924, "chosen_initial_A_o": 463.2547112116738, "logps_eval_prob_train/chosen_initial": -171.9285773762635, "chosen_gptsemantic_A_o": 474.26286673167397, "logps_eval_prob_train/chosen_gptsemantic": -140.518289870686, "chosen_gptformat_A_o": 470.07498847113715, "logps_eval_prob_train/chosen_gptformat": -129.73703598597692, "rejected_A_o": 473.03497023809524, "logps_eval_prob_train/rejected": -106.4576305027992, "reject_gptsemantic_A_o": 471.4258305383107, "logps_eval_prob_train/reject_gptsemantic": -136.82298841930572, "reject_gptformat_A_o": 469.68908340211897, "logps_eval_prob_train/reject_gptformat": -122.61304021827759, "irr_train_A_o": 464.82580378698924, "logps_eval_prob_train/irr_train": -144.02270844247607, "irr_test_A_o": 463.364748757983, "logps_eval_prob_train/irr_test": -157.5597926699926, "irr_hum_A_o": 464.692564646403, "logps_eval_prob_train/irr_hum": -161.70684164289443, "random_permute_A_o": 421.5355671473912, "logps_eval_prob_train/random_permute": -393.5984225859718, "random_nonhum_A_o": 412.85381323193747, "logps_eval_prob_train/random_nonhum": -361.6365584381043}
{"chosen_A_o": 481.9352628314306, "logps_eval_prob_train/chosen": -54.37987102698239, "argmax_prob_logits": -30.04183165800004, "except_argmax_prob_logits": NaN, "p_e": 0.43967899806531413, "energy": 0.3817842462587924, "chosen_initial_A_o": 463.2547112116738, "logps_eval_prob_train/chosen_initial": -171.9285773762635, "chosen_gptsemantic_A_o": 474.26286673167397, "logps_eval_prob_train/chosen_gptsemantic": -140.518289870686, "chosen_gptformat_A_o": 470.07498847113715, "logps_eval_prob_train/chosen_gptformat": -129.73703598597692, "rejected_A_o": 473.03497023809524, "logps_eval_prob_train/rejected": -106.4576305027992, "reject_gptsemantic_A_o": 471.4258305383107, "logps_eval_prob_train/reject_gptsemantic": -136.82298841930572, "reject_gptformat_A_o": 469.68908340211897, "logps_eval_prob_train/reject_gptformat": -122.61304021827759, "irr_train_A_o": 464.82580378698924, "logps_eval_prob_train/irr_train": -144.02270844247607, "irr_test_A_o": 463.364748757983, "logps_eval_prob_train/irr_test": -157.5597926699926, "irr_hum_A_o": 464.692564646403, "logps_eval_prob_train/irr_hum": -161.70684164289443, "random_permute_A_o": 421.5355671473912, "logps_eval_prob_train/random_permute": -393.5984225859718, "random_nonhum_A_o": 412.85381323193747, "logps_eval_prob_train/random_nonhum": -361.6365584381043}
{"chosen_A_o": 481.9352628314306, "logps_eval_prob_train/chosen": -54.37987102698239, "argmax_prob_logits": -30.04183165800004, "except_argmax_prob_logits": NaN, "p_e": 0.43967899806531413, "energy": 0.3817842462587924, "chosen_initial_A_o": 463.2547112116738, "logps_eval_prob_train/chosen_initial": -171.9285773762635, "chosen_gptsemantic_A_o": 474.26286673167397, "logps_eval_prob_train/chosen_gptsemantic": -140.518289870686, "chosen_gptformat_A_o": 470.07498847113715, "logps_eval_prob_train/chosen_gptformat": -129.73703598597692, "rejected_A_o": 473.03497023809524, "logps_eval_prob_train/rejected": -106.4576305027992, "reject_gptsemantic_A_o": 471.4258305383107, "logps_eval_prob_train/reject_gptsemantic": -136.82298841930572, "reject_gptformat_A_o": 469.68908340211897, "logps_eval_prob_train/reject_gptformat": -122.61304021827759, "irr_train_A_o": 464.82580378698924, "logps_eval_prob_train/irr_train": -144.02270844247607, "irr_test_A_o": 463.364748757983, "logps_eval_prob_train/irr_test": -157.5597926699926, "irr_hum_A_o": 464.692564646403, "logps_eval_prob_train/irr_hum": -161.70684164289443, "random_permute_A_o": 421.5355671473912, "logps_eval_prob_train/random_permute": -393.5984225859718, "random_nonhum_A_o": 412.85381323193747, "logps_eval_prob_train/random_nonhum": -361.6365584381043}
{"chosen_A_o": 481.9352628314306, "logps_eval_prob_train/chosen": -54.37987102698239, "argmax_prob_logits": -30.04183165800004, "except_argmax_prob_logits": NaN, "p_e": 0.43967899806531413, "energy": 0.3817842462587924, "chosen_initial_A_o": 463.2547112116738, "logps_eval_prob_train/chosen_initial": -171.9285773762635, "chosen_gptsemantic_A_o": 474.26286673167397, "logps_eval_prob_train/chosen_gptsemantic": -140.518289870686, "chosen_gptformat_A_o": 470.07498847113715, "logps_eval_prob_train/chosen_gptformat": -129.73703598597692, "rejected_A_o": 473.03497023809524, "logps_eval_prob_train/rejected": -106.4576305027992, "reject_gptsemantic_A_o": 471.4258305383107, "logps_eval_prob_train/reject_gptsemantic": -136.82298841930572, "reject_gptformat_A_o": 469.68908340211897, "logps_eval_prob_train/reject_gptformat": -122.61304021827759, "irr_train_A_o": 464.82580378698924, "logps_eval_prob_train/irr_train": -144.02270844247607, "irr_test_A_o": 463.364748757983, "logps_eval_prob_train/irr_test": -157.5597926699926, "irr_hum_A_o": 464.692564646403, "logps_eval_prob_train/irr_hum": -161.70684164289443, "random_permute_A_o": 421.5355671473912, "logps_eval_prob_train/random_permute": -393.5984225859718, "random_nonhum_A_o": 412.85381323193747, "logps_eval_prob_train/random_nonhum": -361.6365584381043}
{"chosen_A_o": 481.9352628314306, "logps_eval_prob_train/chosen": -54.37987102698239, "argmax_prob_logits": -30.04183165800004, "except_argmax_prob_logits": NaN, "p_e": 0.43967899806531413, "energy": 0.3817842462587924, "chosen_initial_A_o": 463.2547112116738, "logps_eval_prob_train/chosen_initial": -171.9285773762635, "chosen_gptsemantic_A_o": 474.26286673167397, "logps_eval_prob_train/chosen_gptsemantic": -140.518289870686, "chosen_gptformat_A_o": 470.07498847113715, "logps_eval_prob_train/chosen_gptformat": -129.73703598597692, "rejected_A_o": 473.03497023809524, "logps_eval_prob_train/rejected": -106.4576305027992, "reject_gptsemantic_A_o": 471.4258305383107, "logps_eval_prob_train/reject_gptsemantic": -136.82298841930572, "reject_gptformat_A_o": 469.68908340211897, "logps_eval_prob_train/reject_gptformat": -122.61304021827759, "irr_train_A_o": 464.82580378698924, "logps_eval_prob_train/irr_train": -144.02270844247607, "irr_test_A_o": 463.364748757983, "logps_eval_prob_train/irr_test": -157.5597926699926, "irr_hum_A_o": 464.692564646403, "logps_eval_prob_train/irr_hum": -161.70684164289443, "random_permute_A_o": 421.5355671473912, "logps_eval_prob_train/random_permute": -393.5984225859718, "random_nonhum_A_o": 412.85381323193747, "logps_eval_prob_train/random_nonhum": -361.6365584381043}
{"chosen_A_o": 481.9352628314306, "logps_eval_prob_train/chosen": -54.37987102698239, "argmax_prob_logits": -30.04183165800004, "except_argmax_prob_logits": NaN, "p_e": 0.43967899806531413, "energy": 0.3817842462587924, "chosen_initial_A_o": 463.2547112116738, "logps_eval_prob_train/chosen_initial": -171.9285773762635, "chosen_gptsemantic_A_o": 474.26286673167397, "logps_eval_prob_train/chosen_gptsemantic": -140.518289870686, "chosen_gptformat_A_o": 470.07498847113715, "logps_eval_prob_train/chosen_gptformat": -129.73703598597692, "rejected_A_o": 473.03497023809524, "logps_eval_prob_train/rejected": -106.4576305027992, "reject_gptsemantic_A_o": 471.4258305383107, "logps_eval_prob_train/reject_gptsemantic": -136.82298841930572, "reject_gptformat_A_o": 469.68908340211897, "logps_eval_prob_train/reject_gptformat": -122.61304021827759, "irr_train_A_o": 464.82580378698924, "logps_eval_prob_train/irr_train": -144.02270844247607, "irr_test_A_o": 463.364748757983, "logps_eval_prob_train/irr_test": -157.5597926699926, "irr_hum_A_o": 464.692564646403, "logps_eval_prob_train/irr_hum": -161.70684164289443, "random_permute_A_o": 421.5355671473912, "logps_eval_prob_train/random_permute": -393.5984225859718, "random_nonhum_A_o": 412.85381323193747, "logps_eval_prob_train/random_nonhum": -361.6365584381043}
{"chosen_A_o": 481.9352628314306, "logps_eval_prob_train/chosen": -54.37987102698239,