{"chosen_A_o": 481.957840637207, "logps_eval_prob_train/chosen": -54.339700280308726, "argmax_prob_logits": -29.997420196056368, "except_argmax_prob_logits": NaN, "p_e": 0.4398234785422683, "energy": 0.3818794099390507, "chosen_initial_A_o": 463.33447625732424, "logps_eval_prob_train/chosen_initial": -170.02479929590226, "chosen_gptsemantic_A_o": 474.2754196166992, "logps_eval_prob_train/chosen_gptsemantic": -140.2232244052887, "chosen_gptformat_A_o": 470.1228637084961, "logps_eval_prob_train/chosen_gptformat": -129.05604975128173, "rejected_A_o": 473.10467877197266, "logps_eval_prob_train/rejected": -106.29636201143265, "reject_gptsemantic_A_o": 471.5415977783203, "logps_eval_prob_train/reject_gptsemantic": -136.58291918945312, "reject_gptformat_A_o": 469.6576854248047, "logps_eval_prob_train/reject_gptformat": -122.33865113639831, "irr_train_A_o": 464.7634837646484, "logps_eval_prob_train/irr_train": -144.91862825965882, "irr_test_A_o": 463.42924224853516, "logps_eval_prob_train/irr_test": -156.9370682439804, "irr_hum_A_o": 464.6309156494141, "logps_eval_prob_train/irr_hum": -161.34954454040528, "random_permute_A_o": 421.53452618408204, "logps_eval_prob_train/random_permute": -393.1713002758026, "random_nonhum_A_o": 413.0590132446289, "logps_eval_prob_train/random_nonhum": -360.2226908721924}
