{"chosen_A_o": 481.957840637207, "logps_eval_prob_train/chosen": -54.339700280308726, "argmax_prob_logits": -29.997420196056368, "except_argmax_prob_logits": NaN, "p_e": 0.4398234785422683, "energy": 0.3818794099390507, "chosen_initial_A_o": 463.33447625732424, "logps_eval_prob_train/chosen_initial": -170.02479929590226, "chosen_gptsemantic_A_o": 474.2754196166992, "logps_eval_prob_train/chosen_gptsemantic": -140.2232244052887, "chosen_gptformat_A_o": 470.1228637084961, "logps_eval_prob_train/chosen_gptformat": -129.05604975128173, "rejected_A_o": 473.10467877197266, "logps_eval_prob_train/rejected": -106.29636201143265, "reject_gptsemantic_A_o": 471.5415977783203, "logps_eval_prob_train/reject_gptsemantic": -136.58291918945312, "reject_gptformat_A_o": 469.6576854248047, "logps_eval_prob_train/reject_gptformat": -122.33865113639831, "irr_train_A_o": 464.7634837646484, "logps_eval_prob_train/irr_train": -144.91862825965882, "irr_test_A_o": 463.42924224853516, "logps_eval_prob_train/irr_test": -156.9370682439804, "irr_hum_A_o": 464.6309156494141, "logps_eval_prob_train/irr_hum": -161.34954454040528, "random_permute_A_o": 421.53452618408204, "logps_eval_prob_train/random_permute": -393.1713002758026, "random_nonhum_A_o": 413.0590132446289, "logps_eval_prob_train/random_nonhum": -360.2226908721924}
{"chosen_A_o": 513.0394083862304, "logps_eval_prob_train/chosen": -96.48735656266287, "argmax_prob_logits": -15.91269515420124, "except_argmax_prob_logits": NaN, "p_e": 0.478008580930531, "energy": 0.37593473185505716, "chosen_initial_A_o": 498.4632388916016, "logps_eval_prob_train/chosen_initial": -288.91539966392514, "chosen_gptsemantic_A_o": 505.5694869384766, "logps_eval_prob_train/chosen_gptsemantic": -213.93461803436279, "chosen_gptformat_A_o": 503.4698458862305, "logps_eval_prob_train/chosen_gptformat": -195.4193811225891, "rejected_A_o": 507.6142286376953, "logps_eval_prob_train/rejected": -202.61710749042035, "reject_gptsemantic_A_o": 504.5078696899414, "logps_eval_prob_train/reject_gptsemantic": -208.81586677742004, "reject_gptformat_A_o": 503.6745573120117, "logps_eval_prob_train/reject_gptformat": -187.81731724739075, "irr_train_A_o": 497.10709466552737, "logps_eval_prob_train/irr_train": -232.28540839004518, "irr_test_A_o": 496.1096061401367, "logps_eval_prob_train/irr_test": -251.64085728955268, "irr_hum_A_o": 487.7894327392578, "logps_eval_prob_train/irr_hum": -222.5424267883301, "random_permute_A_o": 438.00823248291016, "logps_eval_prob_train/random_permute": -442.6292685337067, "random_nonhum_A_o": 425.05077899169925, "logps_eval_prob_train/random_nonhum": -393.0804592819214}
{"chosen_A_o": 516.8783719482421, "logps_eval_prob_train/chosen": -104.9641044876019, "argmax_prob_logits": -14.363209988063435, "except_argmax_prob_logits": NaN, "p_e": 0.47499610690996635, "energy": 0.36954727722666575, "chosen_initial_A_o": 502.9841826171875, "logps_eval_prob_train/chosen_initial": -305.0670928168297, "chosen_gptsemantic_A_o": 509.70175079345705, "logps_eval_prob_train/chosen_gptsemantic": -229.0336032333374, "chosen_gptformat_A_o": 507.80035516357424, "logps_eval_prob_train/chosen_gptformat": -210.12590397644044, "rejected_A_o": 511.95558282470705, "logps_eval_prob_train/rejected": -222.19699775635988, "reject_gptsemantic_A_o": 508.8666177368164, "logps_eval_prob_train/reject_gptsemantic": -225.00345769691467, "reject_gptformat_A_o": 507.8057388305664, "logps_eval_prob_train/reject_gptformat": -202.66276045417786, "irr_train_A_o": 501.01179724121096, "logps_eval_prob_train/irr_train": -245.6524796295166, "irr_test_A_o": 500.3621837768555, "logps_eval_prob_train/irr_test": -265.9083477230072, "irr_hum_A_o": 490.8775387573242, "logps_eval_prob_train/irr_hum": -233.35060751342775, "random_permute_A_o": 442.07829711914064, "logps_eval_prob_train/random_permute": -455.3310139884949, "random_nonhum_A_o": 427.2750769042969, "logps_eval_prob_train/random_nonhum": -399.58311574554443}
